null,null,null,null,null,null,null,null,null,null,null,null,null,null,null,null,null,null,null,null,null,null,null,null,null,null,null,null,null,null,null,null,null,null,null,null,null,null,null,null,null,null
Dewey,Dewey,Dewey,Dewey,Dewey,Dewey,Dewey,Dewey,Rosalie,Rosalie,Dewey,Dewey,Dewey,Dewey,Dewey,Rosalie,Rosalie,Dewey,Felix,Zack,Dewey,Dewey,Dewey,Dewey,Dewey,Dewey,Katie,Dewey,Dewey,Dewey,Dewey,Dewey,Dewey,Rosalie,Rosalie,Dewey,Dewey,Heath,Dewey,Dewey,Dewey,Dewey
Theo,Ned,Ned,Louis,Shonelle,Stanley,,Rosalie,Zack,,Rosalie,Rosalie,Rosalie,Ned,Gabe - Arya,,Summer,Zack,Rajun,Freddy,Zack,Rosalie,Rosalie,Rosalie,Zack,Jeff,Zack,Rosalie,Rosalie,Rosalie,Patty,Rosalie,Rosalie,Amelia,Mason,Patty,Katie,,Hannah Wayne,Katie,Rosalie,Rosalie
Heath,Patty,,Theo,Sophie,,,,Summer,,Ms Sheinkopf - Bella,Lucy,Zack,Patty,,,,Summer,Zack,Lawrence,Summer,Felix,Ms Sheinkopf - Bella,Katie,,Zack,Summer,Lucy,Katie,Waitress,Ned,Ms Sheinkopf - Bella,Amelia,Patty,Ms Sheinkopf - Bella,Ned,Zack,,Zack,Zack,Patty,Summer
Harry,,,Heath,,,,,Amelia,,,Louis,Summer,,,,,Tomika,Tomika,Billy,Freddy,Ms Sheinkopf - Bella,Gabe - Arya,Zack,,Summer,Tomika,Gabe - Arya,Zack,,,,Patty,Hannah Wayne,,,Summer,,Summer,Summer,Ned,Tomika
Ashwin,,,,,,,,Louis,,,,Ms Sheinkopf - Bella,,,,,Freddy,Freddy,Shonelle,Lawrence,Ms Bingham - Leah,,Summer,,Tomika,Freddy,Ms Sheinkopf - Bella,Summer,,,,Zack,Noah,,,Tomika,,Freddy,Tomika,Amelia,Lawrence
,,,,,,,,Hannah Wayne,,,,Freddy,,,,,Lawrence,Billy,Mason,Billy,Gabe - Arya,,Freddy,,Lawrence,Lawrence,,Tomika,,,,Summer,Ned,,,Freddy,,Lawrence,Lawrence,Will Tackley,
,,,,,,,,Heath,,,,Lawrence,,,,,Billy,Heath,Madison,Shonelle,Louis,,Lawrence,,Shonelle,Billy,,James,,,,Hannah Wayne,Mason,,,Lawrence,,Billy,Shonelle,Heath,
,,,,,,,,Will Tackley,,,,,,,,,Shonelle,Will Tackley,,Mason,Will Tackley,,Billy,,Mason,Shonelle,,Marcy,,,,Freddy,Will Tackley,,,Billy,,Noah,Marcy,Noah,
,,,,,,,,Noah,,,,,,,,,Katie,Noah,,Marcy,Ms Macapugay - Rosie,,Shonelle,,Marcy,Mason,,Madison,,,,Noah,Heath,,,Shonelle,,Mason,Heath,Security guard - Emma,
,,,,,,,,,,,,,,,,,Mason,,,,Noah,,Mason,,,James,,,,,,Billy,Rajun,,,Mason,,Will Tackley,,,
,,,,,,,,,,,,,,,,,James,,,,Hannah Wayne,,James,,,Marcy,,,,,,Shonelle,Ms Sheinkopf - Bella,,,Marcy,,Heath,,,
,,,,,,,,,,,,,,,,,Marcy,,,,Lucy,,Marcy,,,Sophie,,,,,,Ned,,,,,,Rajun,,,
,,,,,,,,,,,,,,,,,Sophie,,,,,,Sophie,,,Madison,,,,,,Mason,,,,,,Security guard - Emma,,,
,,,,,,,,,,,,,,,,,Madison,,,,,,Madison,,,,,,,,,Will Tackley,,,,,,,,,
,,,,,,,,,,,,,,,,,,,,,,,,,,,,,,,,Marcy,,,,,,,,,
,,,,,,,,,,,,,,,,,,,,,,,,,,,,,,,,Heath,,,,,,,,,
,,,,,,,,,,,,,,,,,,,,,,,,,,,,,,,,Rajun,,,,,,,,,
,,,,,,,,,,,,,,,,,,,,,,,,,,,,,,,,Ms Sheinkopf - Bella,,,,,,,,,
